ABE <-> ATL,2464,2424
ABE <-> AVL,,2
ABE <-> AVP,2,
ABE <-> CLT,1372,1430
ABE <-> DAY,2,
ABE <-> DTW,1740,768
ABE <-> FLL,388,
ABE <-> IAD,,454
ABE <-> JAX,,2
ABE <-> MCO,1728,2044
ABE <-> ORD,8800,4628
ABI <-> DFW,9932,9786
ABQ <-> ATL,3866,3682
ABQ <-> BWI,2318,2358
ABQ <-> DAL,10938,10864
ABQ <-> DEN,11702,11598
ABQ <-> DFW,11494,11020
ABQ <-> ELP,2420,2448
ABQ <-> EWR,4,4
ABQ <-> GJT,2,
ABQ <-> HOU,4006,4046
ABQ <-> IAD,1456,1456
ABQ <-> IAH,7652,6188
ABQ <-> LAS,7796,7696
ABQ <-> LAX,11158,12904
ABQ <-> LBB,1456,1342
ABQ <-> MAF,1456,1344
ABQ <-> MCI,1694,1490
ABQ <-> MCO,1504,1344
ABQ <-> MDW,2898,2902
ABQ <-> MSP,2206,2100
ABQ <-> OAK,3692,3716
ABQ <-> ORD,3302,3180
ABQ <-> PDX,1456,1324
ABQ <-> PHX,19474,18616
ABQ <-> SAN,3544,3492
ABQ <-> SEA,2872,2652
ABQ <-> SFO,1508,2242
ABQ <-> SLC,8294,5758
ABQ <-> STL,1454,1464
ABQ <-> TUS,2822,2784
ABR <-> MSP,20,1494
ABY <-> ATL,4024,3996
ACK <-> BOS,,444
ACK <-> JFK,956,936
ACT <-> DFW,1662,3912
ACT <-> IAH,,748
ACV <-> CEC,1238,1266
ACV <-> CIC,,2
ACV <-> RDD,6,
ACV <-> SFO,9440,9936
ACV <-> SMF,2448,2532
ACY <-> ATL,2900,938
ADK <-> ANC,412,420
ADQ <-> ANC,2680,2688
AEX <-> ATL,6180,5688
AEX <-> DFW,4348,4992
AEX <-> GSO,2,
AEX <-> IAH,2864,3394
AEX <-> MEM,396,
AGS <-> ATL,13062,11938
AGS <-> CLT,96,112
AGS <-> DFW,2900,1078
AGS <-> IAH,2,2
AGS <-> LGA,,6
AKN <-> ANC,336,336
ALB <-> ATL,3248,3484
ALB <-> BTV,2,
ALB <-> BWI,7708,7692
ALB <-> CLE,3970,4464
ALB <-> CLT,2816,2912
ALB <-> DTW,1752,62
ALB <-> EWR,336,752
ALB <-> FLL,1456,1460
ALB <-> IAD,3780,806
ALB <-> JFK,444,
ALB <-> LAS,1454,1464
ALB <-> MCO,3458,3236
ALB <-> MDW,2880,2894
ALB <-> MSP,370,466
ALB <-> ORD,6168,4944
ALB <-> TPA,1484,1484
ALO <-> ORD,,1210
AMA <-> DAL,8020,8028
AMA <-> DEN,4060,5450
AMA <-> DFW,7092,9236
AMA <-> IAH,5176,4868
AMA <-> LAS,1456,1464
AMA <-> LBB,,2
AMA <-> MEM,1140,
AMA <-> SHV,2,
ANC <-> BET,4116,3968
ANC <-> BRW,924,930
ANC <-> CDV,1440,1450
ANC <-> DEN,1258,1516
ANC <-> DFW,608,576
ANC <-> DLG,336,336
ANC <-> DTW,272,
ANC <-> FAI,10598,10490
ANC <-> HNL,1248,1424
ANC <-> IAH,486,500
ANC <-> JNU,4562,4460
ANC <-> LAX,772,792
ANC <-> LGB,424,412
ANC <-> MSP,2984,2982
ANC <-> OGG,252,268
ANC <-> OME,2250,2186
ANC <-> ORD,2164,1788
ANC <-> OTZ,2078,2142
ANC <-> PDX,2980,3146
ANC <-> PHL,324,
ANC <-> PHX,1660,1556
ANC <-> SCC,1034,1168
ANC <-> SEA,24598,23998
ANC <-> SFO,324,328
ANC <-> SIT,2,
ANC <-> SLC,1820,1860
APN <-> DTW,,16
APN <-> MSP,,24
ART <-> ORD,,2046
ASE <-> DEN,12784,11890
ASE <-> DFW,,736
ASE <-> GJT,4,4
ASE <-> IAH,380,1242
ASE <-> LAX,1752,3034
ASE <-> ORD,1816,1926
ASE <-> SFO,792,718
ASE <-> TUS,,2
ATL <-> ATW,1456,2100
ATL <-> AUS,8300,9866
ATL <-> AVL,12272,11470
ATL <-> AVP,16,1370
ATL <-> BDL,8428,8438
ATL <-> BHM,14674,13456
ATL <-> BKG,2508,2648
ATL <-> BMI,10030,7826
ATL <-> BNA,12914,14462
ATL <-> BOS,22050,22318
ATL <-> BQK,4032,3860
ATL <-> BTR,10966,12078
ATL <-> BUF,11568,11294
ATL <-> BWI,24674,27386
ATL <-> BZN,236,248
ATL <-> CAE,14238,12666
ATL <-> CAK,13434,11292
ATL <-> CHA,12574,13264
ATL <-> CHO,4122,4160
ATL <-> CHS,14094,14136
ATL <-> CID,14,2478
ATL <-> CLE,10268,8358
ATL <-> CLT,29012,29888
ATL <-> CMH,13454,13436
ATL <-> COS,1728,1468
ATL <-> COU,,388
ATL <-> CRW,6710,6686
ATL <-> CSG,5814,5856
ATL <-> CVG,10136,9408
ATL <-> DAB,6568,6492
ATL <-> DAL,,106
ATL <-> DAY,11868,11316
ATL <-> DCA,30510,29252
ATL <-> DEN,22284,22858
ATL <-> DFW,38864,32252
ATL <-> DHN,5416,5224
ATL <-> DSM,3804,3056
ATL <-> DTW,20118,19490
ATL <-> ECP,11734,11502
ATL <-> EGE,428,424
ATL <-> ELP,3176,2716
ATL <-> EVV,4300,5260
ATL <-> EWN,3396,3804
ATL <-> EWR,20860,20802
ATL <-> EYW,4432,4808
ATL <-> FAY,12154,12070
ATL <-> FCA,40,44
ATL <-> FLL,30256,29434
ATL <-> FLO,352,
ATL <-> FNT,9820,8982
ATL <-> FSD,196,152
ATL <-> FSM,,420
ATL <-> FWA,1390,1690
ATL <-> GNV,9436,9408
ATL <-> GPT,8778,7750
ATL <-> GRK,2886,2810
ATL <-> GRR,3606,3420
ATL <-> GSO,10442,10874
ATL <-> GSP,11236,9132
ATL <-> GTR,2010,3998
ATL <-> HDN,400,426
ATL <-> HNL,1456,1464
ATL <-> HOU,13848,11748
ATL <-> HPN,10364,9316
ATL <-> HSV,13426,11400
ATL <-> IAD,20414,17952
ATL <-> IAH,20514,20572
ATL <-> ICT,9398,9088
ATL <-> ILM,8836,8926
ATL <-> IND,15810,16114
ATL <-> JAC,188,188
ATL <-> JAN,11126,10632
ATL <-> JAX,22582,21828
ATL <-> JFK,9230,8798
ATL <-> LAS,16696,16854
ATL <-> LAX,20354,19674
ATL <-> LEX,10930,9546
ATL <-> LFT,4622,6894
ATL <-> LGA,43286,43854
ATL <-> LIT,10764,10564
ATL <-> LWB,1456,814
ATL <-> LYH,998,
ATL <-> MCI,15626,14240
ATL <-> MCO,36870,35720
ATL <-> MDT,6096,6244
ATL <-> MDW,19360,21500
ATL <-> MEI,2702,2846
ATL <-> MEM,18968,17536
ATL <-> MFE,1022,1580
ATL <-> MGM,11042,12514
ATL <-> MHT,1972,2084
ATL <-> MIA,24130,23558
ATL <-> MKE,16206,16242
ATL <-> MLB,6158,5724
ATL <-> MLI,6640,5564
ATL <-> MLU,4378,5432
ATL <-> MOB,11730,9918
ATL <-> MSN,1376,3024
ATL <-> MSP,22734,21694
ATL <-> MSY,21290,21268
ATL <-> MTJ,424,172
ATL <-> MYR,8018,7688
ATL <-> OAJ,5958,6664
ATL <-> OAK,144,
ATL <-> OKC,6686,4924
ATL <-> OMA,6274,4542
ATL <-> ONT,1572,1648
ATL <-> ORD,29984,31736
ATL <-> ORF,9568,9926
ATL <-> PBI,17182,16552
ATL <-> PDX,4292,4332
ATL <-> PHF,12806,9902
ATL <-> PHL,26902,27990
ATL <-> PHX,15892,16456
ATL <-> PIA,,1618
ATL <-> PIT,16640,16252
ATL <-> PNS,15436,14746
ATL <-> PVD,4432,3972
ATL <-> PWM,3642,3152
ATL <-> RDU,21308,21756
ATL <-> RIC,16368,16602
ATL <-> ROA,6804,6722
ATL <-> ROC,8320,8382
ATL <-> RSW,16442,16538
ATL <-> SAN,7848,7698
ATL <-> SAT,15760,14382
ATL <-> SAV,14738,13562
ATL <-> SBN,1544,2124
ATL <-> SCE,2,2
ATL <-> SDF,10068,8974
ATL <-> SEA,11298,10780
ATL <-> SFO,12942,12868
ATL <-> SGF,4672,5390
ATL <-> SHV,6838,7222
ATL <-> SJC,1308,1352
ATL <-> SJU,10024,8542
ATL <-> SLC,11788,10718
ATL <-> SMF,2528,2532
ATL <-> SNA,6696,6604
ATL <-> SRQ,11378,11240
ATL <-> STL,15796,15788
ATL <-> STT,1976,2168
ATL <-> STX,288,80
ATL <-> SWF,2036,2562
ATL <-> SYR,4176,3290
ATL <-> TLH,12966,11724
ATL <-> TPA,27822,28774
ATL <-> TRI,9954,11342
ATL <-> TUL,5566,4422
ATL <-> TUS,2826,2872
ATL <-> TYS,11158,8862
ATL <-> UTM,536,
ATL <-> VLD,4164,4148
ATL <-> VPS,14668,13034
ATL <-> XNA,7122,7852
ATW <-> DEN,364,
ATW <-> DSM,2,
ATW <-> DTW,2220,692
ATW <-> MEM,12,
ATW <-> MSP,1726,4672
ATW <-> ORD,7442,7486
AUS <-> BKG,140,
AUS <-> BNA,2726,2782
AUS <-> BOS,1456,1464
AUS <-> BWI,3158,3330
AUS <-> CLT,4120,4026
AUS <-> DAL,15502,15938
AUS <-> DCA,,260
AUS <-> DEN,9768,9042
AUS <-> DFW,21414,21274
AUS <-> DTW,1472,460
AUS <-> ELP,4934,4596
AUS <-> EWR,3604,3624
AUS <-> FLL,2916,2926
AUS <-> HOU,6688,6972
AUS <-> HRL,1440,1436
AUS <-> IAD,2156,2286
AUS <-> IAH,14016,12790
AUS <-> JFK,4994,4410
AUS <-> LAS,4326,4368
AUS <-> LAX,8448,9162
AUS <-> LBB,2564,2436
AUS <-> LGB,1464,1420
AUS <-> MCO,3578,3542
AUS <-> MDW,2776,3098
AUS <-> MEM,1264,648
AUS <-> MSP,1100,748
AUS <-> OAK,1454,1428
AUS <-> ORD,7638,7414
AUS <-> PDX,,278
AUS <-> PHL,,22
AUS <-> PHX,11346,11374
AUS <-> SAN,2814,2782
AUS <-> SEA,1432,1464
AUS <-> SFO,4658,6258
AUS <-> SJC,3882,2566
AUS <-> SLC,2412,2330
AUS <-> TPA,1456,1448
AVL <-> CLT,2,
AVL <-> CMX,,2
AVL <-> DFW,498,
AVL <-> DTW,848,794
AVL <-> EWR,1684,1658
AVL <-> GSP,,4
AVL <-> IAH,1392,1380
AVL <-> LGA,12,
AVL <-> MCO,728,248
AVL <-> ORD,3048,3104
AVL <-> TPA,292,120
AVP <-> CLT,156,758
AVP <-> DTW,1250,250
AVP <-> JFK,2,
AVP <-> ORD,5888,3166
AZO <-> DTW,1940,32
AZO <-> MSP,534,160
AZO <-> ORD,3360,2720
BDL <-> BNA,1456,224
BDL <-> BOS,2,
BDL <-> BWI,10724,10628
BDL <-> CLE,844,1378
BDL <-> CLT,6882,7128
BDL <-> CVG,1504,226
BDL <-> DCA,2778,1554
BDL <-> DEN,1456,1464
BDL <-> DFW,4256,4262
BDL <-> DTW,4626,4276
BDL <-> EWR,1242,1542
BDL <-> FLL,4308,4012
BDL <-> IAD,5780,3844
BDL <-> JFK,248,2
BDL <-> LAS,1484,1310
BDL <-> LAX,30,
BDL <-> LGA,,2
BDL <-> MCO,9262,7408
BDL <-> MDW,3994,3940
BDL <-> MIA,2268,1468
BDL <-> MSP,2380,2104
BDL <-> ORD,11994,12034
BDL <-> PBI,808,972
BDL <-> PHL,1326,1290
BDL <-> PVD,,2
BDL <-> RDU,440,332
BDL <-> RSW,416,278
BDL <-> SJU,1456,1818
BDL <-> TPA,3038,2632
BFF <-> DEN,2,
BFL <-> DEN,1456,1750
BFL <-> IAH,1184,2662
BFL <-> LAX,2692,2432
BFL <-> PHX,4368,4232
BFL <-> SBA,,2
BFL <-> SBP,2,4
BFL <-> SFO,4316,4378
BGM <-> DTW,1204,
BGM <-> ORD,2,
BGR <-> DTW,1814,2168
BGR <-> LGA,38,230
BHM <-> BNA,2824,2834
BHM <-> BWI,4056,3960
BHM <-> CLT,1212,3738
BHM <-> DAL,4070,4090
BHM <-> DEN,1740,1512
BHM <-> DFW,4324,4144
BHM <-> DTW,1592,690
BHM <-> HOU,2790,2718
BHM <-> HSV,4,
BHM <-> IAH,8536,7648
BHM <-> JAX,1456,1464
BHM <-> LAS,1454,1464
BHM <-> LGA,744,212
BHM <-> MCO,2940,2906
BHM <-> MDW,2826,2842
BHM <-> MEM,2028,2984
BHM <-> MIA,2912,2900
BHM <-> MSP,52,
BHM <-> MSY,2628,2658
BHM <-> ORD,3960,3796
BHM <-> PHX,1456,1044
BHM <-> SDF,2294,690
BHM <-> STL,1456,1464
BHM <-> TPA,2794,2760
BIL <-> BZN,4,
BIL <-> CLE,6,
BIL <-> COD,,4
BIL <-> DEN,6280,6552
BIL <-> GTF,,2
BIL <-> MSP,1702,1330
BIL <-> ORD,458,474
BIL <-> SLC,6438,5898
BIS <-> CLE,2,
BIS <-> DEN,5162,5062
BIS <-> FAR,,2
BIS <-> MLI,2,
BIS <-> MOT,,2
BIS <-> MSP,5832,7180
BIS <-> ORD,1418,958
BIS <-> RAP,2,
BIS <-> SLC,636,
BJI <-> MSP,4,1498
BKG <-> BNA,92,
BKG <-> BWI,64,132
BKG <-> DEN,604,1216
BKG <-> DSM,152,
BKG <-> GPT,56,
BKG <-> HOU,412,796
BKG <-> IND,112,
BKG <-> MCO,208,208
BKG <-> MDW,368,796
BKG <-> PHX,,32
BKG <-> SHV,52,
BLI <-> DEN,,440
BLI <-> HNL,776,1440
BLI <-> LAS,1454,1652
BMI <-> DFW,1456,1464
BMI <-> DTW,1080,112
BMI <-> MCO,762,712
BMI <-> MSP,440,848
BMI <-> ORD,1644,1168
BMI <-> RSW,172,
BNA <-> BOS,,120
BNA <-> BWI,9322,8710
BNA <-> CHS,728,1464
BNA <-> CLE,2818,2796
BNA <-> CLT,7726,7928
BNA <-> CMH,2756,2778
BNA <-> CVG,1752,1772
BNA <-> DCA,6890,6820
BNA <-> DEN,9872,10496
BNA <-> DFW,11212,10338
BNA <-> DTW,8102,8454
BNA <-> ECP,2912,2914
BNA <-> EWR,6832,6734
BNA <-> FLL,2924,2954
BNA <-> GSP,728,1464
BNA <-> HOU,5512,5540
BNA <-> HSV,8,
BNA <-> IAD,2928,2782
BNA <-> IAH,9024,7376
BNA <-> JAX,4980,4940
BNA <-> JFK,636,1464
BNA <-> LAS,3876,3940
BNA <-> LAX,4294,4558
BNA <-> LGA,5810,8976
BNA <-> MCI,4762,4874
BNA <-> MCO,6590,6596
BNA <-> MDW,10018,10060
BNA <-> MEM,2386,3378
BNA <-> MIA,4366,4366
BNA <-> MSP,3056,4902
BNA <-> MSY,3864,3970
BNA <-> OAK,220,
BNA <-> ORD,15554,16926
BNA <-> ORF,1456,1464
BNA <-> PHL,2818,2830
BNA <-> PHX,3456,3306
BNA <-> PVD,664,140
BNA <-> RDU,5406,5436
BNA <-> RSW,308,372
BNA <-> SAN,1824,1884
BNA <-> SAT,2686,2722
BNA <-> SBN,,2
BNA <-> SDF,,2
BNA <-> SEA,774,604
BNA <-> SLC,1448,1450
BNA <-> STL,2780,2796
BNA <-> TPA,5628,5624
BNA <-> TYS,2,
BOI <-> BUR,,2
BOI <-> DEN,12240,8988
BOI <-> GEG,3408,2862
BOI <-> LAS,2908,2902
BOI <-> LAX,3788,3464
BOI <-> MSP,1012,1490
BOI <-> OAK,2760,2766
BOI <-> ORD,2174,1170
BOI <-> PDX,2660,2724
BOI <-> PHX,3640,4568
BOI <-> RNO,2834,860
BOI <-> SEA,2758,898
BOI <-> SFO,5610,7036
BOI <-> SLC,11748,6336
BOS <-> BUF,4230,4796
BOS <-> BWI,28178,24500
BOS <-> CAK,1948,1958
BOS <-> CLE,3750,2432
BOS <-> CLT,16186,15696
BOS <-> CMH,68,
BOS <-> COS,2,
BOS <-> CVG,2748,1412
BOS <-> DCA,37072,30264
BOS <-> DEN,10692,10346
BOS <-> DFW,11272,12668
BOS <-> DTW,8692,7540
BOS <-> EWR,13338,18704
BOS <-> FLL,7622,8072
BOS <-> IAD,15908,11334
BOS <-> IAH,6910,6962
BOS <-> IND,1542,26
BOS <-> JAX,1874,2576
BOS <-> JFK,19904,16414
BOS <-> LAS,3548,2930
BOS <-> LAX,9874,12622
BOS <-> LGA,44404,32390
BOS <-> LGB,1182,1172
BOS <-> MCI,,658
BOS <-> MCO,14216,14028
BOS <-> MDW,7012,6894
BOS <-> MEM,1474,114
BOS <-> MIA,9922,10248
BOS <-> MKE,5868,4584
BOS <-> MSP,6954,7020
BOS <-> MSY,1332,1336
BOS <-> OAK,360,368
BOS <-> ORD,26492,26090
BOS <-> ORF,6,
BOS <-> PBI,5818,4772
BOS <-> PDX,1820,1948
BOS <-> PHF,2184,954
BOS <-> PHL,29786,23874
BOS <-> PHX,7614,7452
BOS <-> PIT,3816,3962
BOS <-> RDU,7356,5992
BOS <-> RIC,2792,2748
BOS <-> RSW,6834,6648
BOS <-> SAN,2092,1968
BOS <-> SDF,2,
BOS <-> SEA,3930,4272
BOS <-> SFO,11554,15492
BOS <-> SJC,1220,972
BOS <-> SJU,4598,4154
BOS <-> SLC,2078,1456
BOS <-> SRQ,924,940
BOS <-> STL,2898,3104
BOS <-> STT,432,404
BOS <-> TPA,5156,5050
BPT <-> IAH,24,40
BQN <-> EWR,1324,958
BQN <-> JFK,2914,2572
BQN <-> MCO,1828,2064
BRO <-> DFW,2908,2908
BRO <-> IAH,6776,6602
BRW <-> FAI,1440,1452
BRW <-> SCC,924,930
BTM <-> SLC,2868,2840
BTR <-> DCA,,4
BTR <-> DFW,11356,10876
BTR <-> IAH,8018,7030
BTR <-> JAN,,2
BTR <-> MEM,3252,1814
BTR <-> MOB,2,
BTV <-> CLE,1400,1378
BTV <-> DTW,1224,
BTV <-> EWR,2402,2390
BTV <-> IAD,2204,876
BTV <-> JFK,6632,5572
BTV <-> LGA,,12
BTV <-> MCO,1348,1420
BTV <-> ORD,4572,2932
BUF <-> BWI,8748,8854
BUF <-> CLE,898,472
BUF <-> CLT,5648,5490
BUF <-> DCA,620,438
BUF <-> DTW,2408,302
BUF <-> EWR,1734,1312
BUF <-> FLL,2898,2442
BUF <-> HPN,2,
BUF <-> IAD,5202,4130
BUF <-> JFK,12048,11280
BUF <-> LAS,2502,2528
BUF <-> LGA,,712
BUF <-> MCO,7236,8174
BUF <-> MDW,5168,5080
BUF <-> MSP,58,76
BUF <-> ORD,14150,11850
BUF <-> PHL,1860,1372
BUF <-> PHX,1456,1464
BUF <-> RSW,888,806
BUF <-> TPA,2444,2682
BUR <-> DEN,3446,7394
BUR <-> DFW,5516,1806
BUR <-> JFK,3368,2832
BUR <-> LAS,16918,16984
BUR <-> LGB,8,
BUR <-> OAK,17616,18454
BUR <-> ONT,,4
BUR <-> PDX,1440,4378
BUR <-> PHX,17252,16600
BUR <-> SEA,4268,4230
BUR <-> SFO,7792,8014
BUR <-> SJC,10814,10724
BUR <-> SLC,4366,3918
BUR <-> SMF,10642,10610
BWI <-> CHS,2184,4364
BWI <-> CLE,5602,7692
BWI <-> CLT,15010,15986
BWI <-> CMH,6614,6564
BWI <-> CVG,1138,78
BWI <-> DAY,3968,4214
BWI <-> DEN,10812,9374
BWI <-> DFW,9122,7530
BWI <-> DTW,13416,12534
BWI <-> ECP,2912,2876
BWI <-> EWR,3906,6692
BWI <-> FLL,10898,10322
BWI <-> GRR,3316,3266
BWI <-> GSP,1456,2904
BWI <-> HOU,4720,4820
BWI <-> HSV,2900,2682
BWI <-> IAH,5600,4928
BWI <-> IND,5570,4786
BWI <-> ISP,7652,7354
BWI <-> JAN,2238,1508
BWI <-> JAX,6574,4998
BWI <-> JFK,1674,1464
BWI <-> LAS,5120,4798
BWI <-> LAX,4894,4172
BWI <-> LGA,4308,4312
BWI <-> LIT,1456,1464
BWI <-> MCI,3876,3924
BWI <-> MCO,18336,16450
BWI <-> MDW,9402,9348
BWI <-> MEM,2506,434
BWI <-> MHT,11296,11064
BWI <-> MIA,4874,5008
BWI <-> MKE,6492,5468
BWI <-> MSP,3816,3696
BWI <-> MSY,4520,4328
BWI <-> OKC,1456,1464
BWI <-> ORD,14046,11188
BWI <-> ORF,5990,6106
BWI <-> PBI,4716,4516
BWI <-> PHL,2684,2736
BWI <-> PHX,7940,7482
BWI <-> PIT,4020,4782
BWI <-> PVD,12200,12364
BWI <-> PWM,3702,3800
BWI <-> RDU,8592,10476
BWI <-> ROC,3380,3578
BWI <-> RSW,5198,5032
BWI <-> SAN,2872,2886
BWI <-> SAT,3458,3554
BWI <-> SDF,5048,5064
BWI <-> SEA,1352,1014
BWI <-> SFO,2092,2072
BWI <-> SJU,2550,2596
BWI <-> SLC,4106,4136
BWI <-> SRQ,900,852
BWI <-> STL,6576,6600
BWI <-> TPA,12094,11534
BWI <-> TUS,,232
BZN <-> DEN,5468,4934
BZN <-> EWR,,52
BZN <-> LAX,324,396
BZN <-> MSO,,4
BZN <-> MSP,1954,2070
BZN <-> ORD,1442,360
BZN <-> SFO,900,1128
BZN <-> SLC,6628,5810
CAE <-> DFW,4328,4200
CAE <-> DTW,1128,192
CAE <-> EWR,,8
CAE <-> IAD,5118,4394
CAE <-> IAH,2460,1548
CAE <-> ORD,4038,4142
CAK <-> DEN,2556,3238
CAK <-> DTW,844,248
CAK <-> LGA,3450,4188
CAK <-> MCO,2468,2848
CAK <-> MDW,,240
CAK <-> MKE,2840,2560
CAK <-> ORD,3860,3908
CAK <-> RSW,632,572
CAK <-> TPA,1456,1500
CDC <-> SLC,2594,2668
CDV <-> YAK,1440,1450
CEC <-> EUG,,2
CEC <-> FAT,,2
CEC <-> MFR,2,4
CEC <-> SFO,2786,2780
CHA <-> DFW,1448,2392
CHA <-> DTW,958,1160
CHA <-> MEM,144,
CHA <-> ORD,2738,2300
CHO <-> IAD,,2
CHO <-> ORD,746,2912
CHS <-> CLE,2,
CHS <-> CLT,6508,6802
CHS <-> DFW,4340,4176
CHS <-> DTW,926,32
CHS <-> EWR,4204,4578
CHS <-> HOU,728,1464
CHS <-> IAD,4504,4598
CHS <-> IAH,3650,3126
CHS <-> LGA,470,224
CHS <-> MDW,1456,2924
CHS <-> MIA,2536,2016
CHS <-> ORD,4172,4858
CHS <-> TYS,2,
CIC <-> FAT,2,
CIC <-> RDD,2,
CIC <-> SFO,5580,5568
CIC <-> SMF,,6
CID <-> DEN,3318,3494
CID <-> DFW,7368,7626
CID <-> DTW,1404,378
CID <-> IAH,896,2260
CID <-> MSP,2582,2820
CID <-> OKC,2,
CID <-> ORD,7628,8792
CID <-> TUL,2,
CLD <-> LAX,8450,9208
CLE <-> CLT,8674,8906
CLE <-> CMH,440,198
CLE <-> CVG,1604,14
CLE <-> DAY,2416,806
CLE <-> DCA,3362,3146
CLE <-> DEN,4582,4302
CLE <-> DFW,8236,8286
CLE <-> DTW,1466,852
CLE <-> EWR,8260,8342
CLE <-> FLL,2042,2078
CLE <-> FNT,,12
CLE <-> FSD,4,
CLE <-> GJT,4,
CLE <-> GRB,2356,2286
CLE <-> GRR,3792,2624
CLE <-> GSP,1400,1218
CLE <-> IAD,4472,4444
CLE <-> IAH,8568,8426
CLE <-> IND,2284,1972
CLE <-> JAX,440,
CLE <-> JFK,2792,1732
CLE <-> LAN,2,2
CLE <-> LAS,5540,5260
CLE <-> LAX,3880,4132
CLE <-> LGA,9094,11066
CLE <-> MCI,4632,4478
CLE <-> MCO,3686,3410
CLE <-> MDT,,6
CLE <-> MDW,9068,9030
CLE <-> MEM,1944,524
CLE <-> MHT,4038,1992
CLE <-> MIA,3378,3660
CLE <-> MKE,4932,4874
CLE <-> MSN,1248,2342
CLE <-> MSP,6810,4922
CLE <-> MSY,864,180
CLE <-> ORD,18268,23338
CLE <-> ORF,2200,
CLE <-> PBI,1416,852
CLE <-> PHL,1948,2192
CLE <-> PHX,2222,2108
CLE <-> PIT,2,102
CLE <-> PVD,2576,2176
CLE <-> PWM,768,684
CLE <-> RDU,1330,1300
CLE <-> RIC,3452,3414
CLE <-> ROC,1950,126
CLE <-> RSW,1998,1952
CLE <-> SAN,72,72
CLE <-> SDF,2566,2112
CLE <-> SEA,610,620
CLE <-> SFO,2002,2834
CLE <-> SJU,180,128
CLE <-> STL,2558,254
CLE <-> SYR,284,304
CLE <-> TPA,2076,1822
CLE <-> TVC,2,
CLE <-> TYS,1270,72
CLL <-> DFW,1440,2938
CLL <-> IAH,4,1386
CLT <-> CMH,80,1572
CLT <-> CVG,5574,3744
CLT <-> DAB,672,1188
CLT <-> DCA,11944,11340
CLT <-> DEN,7158,7632
CLT <-> DFW,20164,18934
CLT <-> DTW,12600,13732
CLT <-> EWR,21232,19448
CLT <-> FAY,764,168
CLT <-> FLL,11372,11348
CLT <-> GSO,1584,1216
CLT <-> HSV,248,272
CLT <-> IAD,11222,11216
CLT <-> IAH,19098,18646
CLT <-> ILM,6218,5636
CLT <-> IND,1516,3340
CLT <-> JAX,9428,10392
CLT <-> JFK,8650,8120
CLT <-> LAS,7162,6694
CLT <-> LAX,6544,6568
CLT <-> LGA,19906,20442
CLT <-> LIT,2200,2622
CLT <-> MCI,4624,5396
CLT <-> MCO,13674,13462
CLT <-> MDT,4416,4620
CLT <-> MEM,10600,8762
CLT <-> MHT,762,
CLT <-> MIA,14522,15728
CLT <-> MSP,5480,6976
CLT <-> MSY,6034,6478
CLT <-> MYR,5170,6006
CLT <-> OAJ,468,608
CLT <-> OMA,,52
CLT <-> ORD,25104,25264
CLT <-> ORF,5290,6482
CLT <-> PBI,7318,7062
CLT <-> PDX,678,584
CLT <-> PHL,13940,13584
CLT <-> PHX,11004,11956
CLT <-> PIT,11756,11432
CLT <-> PNS,2002,2506
CLT <-> PVD,6776,6872
CLT <-> PWM,1620,1390
CLT <-> RDU,11956,12484
CLT <-> RIC,6808,7648
CLT <-> ROC,1456,1884
CLT <-> RSW,7292,7136
CLT <-> SAN,2350,2726
CLT <-> SAT,4180,4030
CLT <-> SAV,3988,4340
CLT <-> SDF,3794,3130
CLT <-> SEA,2828,2948
CLT <-> SFO,6552,6618
CLT <-> SJU,3590,3574
CLT <-> SLC,,1378
CLT <-> SMF,312,300
CLT <-> SRQ,1142,2628
CLT <-> STL,6284,6832
CLT <-> STT,1892,1624
CLT <-> STX,80,80
CLT <-> SYR,3758,2624
CLT <-> TLH,36,112
CLT <-> TPA,12016,11786
CLT <-> TRI,28,32
CLT <-> TYS,4,24
CLT <-> XNA,,8
CMH <-> CRW,,2
CMH <-> CVG,574,
CMH <-> DAY,,2
CMH <-> DCA,678,
CMH <-> DEN,2630,4342
CMH <-> DFW,6608,5592
CMH <-> DTW,1346,674
CMH <-> EWR,3652,3464
CMH <-> FLL,1052,1110
CMH <-> IAD,2784,1998
CMH <-> IAH,4464,6154
CMH <-> JFK,3184,2928
CMH <-> LAS,2900,2908
CMH <-> LAX,676,536
CMH <-> LGA,7004,7154
CMH <-> MCO,5684,5476
CMH <-> MDW,8966,9068
CMH <-> MEM,574,214
CMH <-> MIA,3194,2928
CMH <-> MSP,2152,1280
CMH <-> MSY,2,
CMH <-> ORD,18716,18254
CMH <-> PHX,4728,4732
CMH <-> RDU,208,324
CMH <-> RSW,2056,1996
CMH <-> STL,2624,2676
CMH <-> TPA,3382,3126
CMI <-> DFW,1456,1464
CMI <-> ORD,7696,7580
CMX <-> GRB,,2
CMX <-> ORD,2906,2952
COD <-> DEN,1872,1910
COD <-> HLN,,2
COD <-> SLC,2898,1768
COS <-> DEN,15986,14630
COS <-> DFW,7164,7104
COS <-> GJT,,2
COS <-> IAD,1452,1460
COS <-> IAH,6676,6140
COS <-> LAS,,2
COS <-> LAX,3816,4056
COS <-> MAF,,2
COS <-> MCI,,2
COS <-> MEM,,2
COS <-> MLI,2,
COS <-> MSP,2138,1362
COS <-> ORD,6064,5604
COS <-> PDX,,198
COS <-> PHX,,464
COS <-> SEA,,268
COS <-> SFO,1464,1472
COS <-> SLC,3278,2926
COS <-> SNA,,2
COU <-> MEM,1268,642
CPR <-> DEN,5360,5376
CPR <-> RAP,2,
CPR <-> SLC,2980,3002
CRP <-> DFW,11264,10936
CRP <-> HOU,6540,6596
CRP <-> IAH,12822,12334
CRP <-> PBI,,2
CRW <-> DTW,1214,772
CRW <-> IAD,52,1404
CRW <-> IAH,1424,1432
CRW <-> LEX,,2
CRW <-> LGA,1240,1254
CRW <-> MCO,624,512
CRW <-> ORD,5342,2644
CRW <-> PIT,4,
CRW <-> TRI,,2
CRW <-> TYS,2,
CSG <-> DFW,2894,2806
CVG <-> DAY,2,
CVG <-> DCA,1936,226
CVG <-> DEN,2902,1996
CVG <-> DFW,9474,9324
CVG <-> DTW,3348,1180
CVG <-> EVV,552,
CVG <-> EWR,7832,6438
CVG <-> FLL,2652,2380
CVG <-> FWA,784,
CVG <-> GRR,1124,240
CVG <-> GSO,438,248
CVG <-> GSP,414,
CVG <-> HPN,140,
CVG <-> HTS,818,
CVG <-> IAD,3084,2582
CVG <-> IAH,7518,5148
CVG <-> JAX,700,14
CVG <-> JFK,3336,1748
CVG <-> LAN,2,
CVG <-> LAS,2532,1952
CVG <-> LAX,3610,3324
CVG <-> LEX,364,
CVG <-> LGA,3926,1476
CVG <-> MCI,1140,1028
CVG <-> MCO,4146,4184
CVG <-> MDT,1192,1022
CVG <-> MEM,1302,1312
CVG <-> MIA,4720,3786
CVG <-> MKE,2202,2298
CVG <-> MSN,480,606
CVG <-> MSP,2980,4108
CVG <-> MSY,404,4
CVG <-> OMA,432,218
CVG <-> ORD,14078,16304
CVG <-> ORF,814,
CVG <-> PHL,2068,192
CVG <-> PHX,1442,1188
CVG <-> PIT,1032,294
CVG <-> RDU,862,692
CVG <-> RIC,742,94
CVG <-> ROC,80,
CVG <-> RSW,2120,1530
CVG <-> SAN,896,538
CVG <-> SBN,830,
CVG <-> SDF,826,
CVG <-> SEA,1400,1038
CVG <-> SFO,2160,1740
CVG <-> SLC,2906,2816
CVG <-> STL,1462,614
CVG <-> SYR,348,
CVG <-> TPA,2280,2112
CVG <-> TYS,916,
CVG <-> XNA,1084,286
CWA <-> DTW,172,4
CWA <-> EAU,696,
CWA <-> MKE,2,
CWA <-> MSP,132,16
CWA <-> ORD,5672,6562
CWA <-> SYR,2,
CYS <-> DFW,1726,820
DAL <-> DEN,1310,3002
DAL <-> ELP,9512,9466
DAL <-> HOU,32900,33020
DAL <-> IAH,7106,6800
DAL <-> LBB,7996,7992
DAL <-> LIT,8126,7622
DAL <-> MAF,7656,7680
DAL <-> MCI,12872,12756
DAL <-> MEM,1260,
DAL <-> MSY,9296,9200
DAL <-> OKC,6590,6604
DAL <-> SAT,18366,18318
DAL <-> STL,11246,11578
DAL <-> TUL,7508,7468
DAY <-> DEN,3296,3376
DAY <-> DFW,4192,4176
DAY <-> DTW,1760,104
DAY <-> EWR,3732,3800
DAY <-> IAD,4034,2300
DAY <-> IAH,2644,
DAY <-> MCO,1788,1550
DAY <-> MSP,1978,4280
DAY <-> ORD,10516,10942
DAY <-> TPA,794,616
DBQ <-> ORD,2314,1180
DCA <-> DEN,5794,5844
DCA <-> DFW,15998,15088
DCA <-> DTW,9132,7860
DCA <-> EWR,6886,7936
DCA <-> FLL,6022,7038
DCA <-> GRR,378,398
DCA <-> HSV,308,
DCA <-> IAH,10762,10868
DCA <-> IND,1030,4
DCA <-> JAN,1088,332
DCA <-> JAX,3246,8
DCA <-> JFK,9476,8332
DCA <-> LAS,1452,1460
DCA <-> LAX,1456,1816
DCA <-> LEX,392,
DCA <-> LGA,19360,19154
DCA <-> MCI,,2
DCA <-> MCO,12726,10726
DCA <-> MEM,3894,3472
DCA <-> MIA,14292,12958
DCA <-> MKE,7554,6536
DCA <-> MSN,396,354
DCA <-> MSP,8092,7338
DCA <-> MSY,82,628
DCA <-> OMA,14,
DCA <-> ORD,28514,28502
DCA <-> PBI,2392,1270
DCA <-> PDX,,56
DCA <-> PHL,1964,1762
DCA <-> PHX,4348,4368
DCA <-> PVD,1310,1030
DCA <-> RDU,10116,10024
DCA <-> RSW,2062,2172
DCA <-> SAN,,374
DCA <-> SEA,2892,2900
DCA <-> SFO,,590
DCA <-> SJU,,76
DCA <-> SLC,1448,1828
DCA <-> STL,8250,5068
DCA <-> SYR,590,
DCA <-> TPA,7412,6304
DEN <-> DFW,26354,25414
DEN <-> DRO,10458,8804
DEN <-> DSM,4724,5882
DEN <-> DTW,12052,11270
DEN <-> EGE,4766,4146
DEN <-> ELP,4492,4424
DEN <-> EUG,3104,3070
DEN <-> EWR,9268,13168
DEN <-> FAI,322,590
DEN <-> FAR,5370,4846
DEN <-> FAT,4652,4244
DEN <-> FCA,2452,2676
DEN <-> FLL,5924,6172
DEN <-> FSD,5572,5426
DEN <-> GCC,2888,3628
DEN <-> GEG,9314,8964
DEN <-> GJT,10426,8192
DEN <-> GRB,168,
DEN <-> GRR,1362,2580
DEN <-> GTF,3420,3462
DEN <-> GUC,2308,1952
DEN <-> HDN,4462,4540
DEN <-> HLN,2812,2060
DEN <-> HNL,1628,1526
DEN <-> HOU,8562,7312
DEN <-> HSV,2632,2426
DEN <-> IAD,14532,14386
DEN <-> IAH,14546,15482
DEN <-> ICT,6408,5702
DEN <-> IDA,4148,4134
DEN <-> IND,8788,8892
DEN <-> JAC,5502,5168
DEN <-> JAX,392,1464
DEN <-> JFK,2852,2908
DEN <-> KOA,244,240
DEN <-> LAS,31182,28656
DEN <-> LAX,36670,33004
DEN <-> LBB,1280,2692
DEN <-> LGA,9946,11510
DEN <-> LIH,188,200
DEN <-> LIT,4016,4778
DEN <-> LNK,4118,3856
DEN <-> MAF,2906,2902
DEN <-> MCI,17104,18276
DEN <-> MCO,11990,10826
DEN <-> MDT,,192
DEN <-> MDW,17916,17178
DEN <-> MEM,3606,2610
DEN <-> MFR,2180,2324
DEN <-> MHT,,1380
DEN <-> MIA,2804,3184
DEN <-> MKE,10238,12334
DEN <-> MLI,2728,2130
DEN <-> MOT,2832,4212
DEN <-> MRY,1500,1480
DEN <-> MSN,4938,4456
DEN <-> MSO,5816,5110
DEN <-> MSP,24426,22724
DEN <-> MSY,7460,6610
DEN <-> MTJ,5986,5106
DEN <-> OAK,8128,7158
DEN <-> OGG,740,568
DEN <-> OKC,9594,11726
DEN <-> OMA,11862,9674
DEN <-> ONT,7680,5874
DEN <-> ORD,20952,20134
DEN <-> PDX,17718,17132
DEN <-> PHF,730,592
DEN <-> PHL,11790,11842
DEN <-> PHX,33414,31136
DEN <-> PIA,1406,1658
DEN <-> PIT,3212,3834
DEN <-> PSC,4180,4070
DEN <-> PSP,4616,4596
DEN <-> PVD,,988
DEN <-> RAP,9786,9050
DEN <-> RDM,1454,1722
DEN <-> RDU,1468,1604
DEN <-> RFD,,208
DEN <-> RKS,3258,4340
DEN <-> RNO,7320,5904
DEN <-> RSW,600,558
DEN <-> SAN,20340,18694
DEN <-> SAT,6930,7610
DEN <-> SBA,3328,3116
DEN <-> SDF,2272,2548
DEN <-> SEA,23110,23362
DEN <-> SFO,23708,25212
DEN <-> SGF,3384,2826
DEN <-> SHV,,56
DEN <-> SJC,11200,10432
DEN <-> SLC,31816,32184
DEN <-> SMF,14834,13834
DEN <-> SNA,16608,15906
DEN <-> STL,9970,10206
DEN <-> TPA,7244,6188
DEN <-> TUL,9386,9266
DEN <-> TUS,12458,10112
DEN <-> TVC,328,328
DEN <-> TYS,1982,2720
DEN <-> XNA,2580,1784
DFW <-> DRO,300,1084
DFW <-> DSM,8476,7492
DFW <-> DTW,10050,10908
DFW <-> EGE,1624,1608
DFW <-> ELP,11368,10684
DFW <-> EVV,2560,2066
DFW <-> EWR,14134,13452
DFW <-> FAT,2868,2880
DFW <-> FAY,2900,1010
DFW <-> FLL,8404,8750
DFW <-> FSD,2508,3302
DFW <-> FSM,2710,4680
DFW <-> FWA,2904,3456
DFW <-> GCK,,1286
DFW <-> GGG,1080,1704
DFW <-> GJT,3684,3196
DFW <-> GPT,5156,4908
DFW <-> GRB,4,
DFW <-> GRI,694,2716
DFW <-> GRK,4762,8214
DFW <-> GRR,3760,4944
DFW <-> GSO,3796,4018
DFW <-> GSP,5316,4732
DFW <-> GUC,880,420
DFW <-> HDN,504,440
DFW <-> HNL,2912,2928
DFW <-> HOU,9708,10410
DFW <-> HSV,4124,4126
DFW <-> IAD,10684,10746
DFW <-> IAH,17716,18130
DFW <-> ICT,5572,5500
DFW <-> IND,7112,7072
DFW <-> JAC,708,868
DFW <-> JAN,11252,10412
DFW <-> JAX,5668,5316
DFW <-> JFK,2052,1674
DFW <-> JLN,,1790
DFW <-> LAN,,2
DFW <-> LAS,18974,15298
DFW <-> LAW,,4446
DFW <-> LAX,28620,33664
DFW <-> LBB,8780,10216
DFW <-> LCH,2900,2920
DFW <-> LEX,4052,4206
DFW <-> LFT,4396,5548
DFW <-> LGA,20228,20356
DFW <-> LIT,12552,9204
DFW <-> LRD,5572,5518
DFW <-> MAF,5608,7736
DFW <-> MCI,11372,11096
DFW <-> MCO,14796,14272
DFW <-> MEM,7820,6040
DFW <-> MFE,5606,5568
DFW <-> MGM,4140,4200
DFW <-> MHK,4344,4348
DFW <-> MIA,14204,14330
DFW <-> MKE,6754,6000
DFW <-> MLI,2748,4018
DFW <-> MLU,1142,2226
DFW <-> MOB,4356,4360
DFW <-> MSN,3740,4228
DFW <-> MSP,11692,10486
DFW <-> MSY,8688,8214
DFW <-> MTJ,1160,772
DFW <-> MYR,200,
DFW <-> OGG,1456,1464
DFW <-> OKC,10094,10122
DFW <-> OMA,7024,7008
DFW <-> ONT,6024,5720
DFW <-> ORD,29778,31248
DFW <-> ORF,3204,3172
DFW <-> PBI,2832,3084
DFW <-> PDX,6372,6114
DFW <-> PHL,15364,14430
DFW <-> PHX,20440,19538
DFW <-> PIA,3736,4152
DFW <-> PIT,4950,5614
DFW <-> PNS,8050,7878
DFW <-> PSP,3528,3380
DFW <-> RAP,1752,1732
DFW <-> RDU,7156,6916
DFW <-> RIC,4280,4128
DFW <-> RNO,3956,3252
DFW <-> ROW,4772,4436
DFW <-> RSW,3156,3472
DFW <-> SAF,3672,3658
DFW <-> SAN,12900,12470
DFW <-> SAT,21528,20772
DFW <-> SAV,3736,4112
DFW <-> SDF,5664,5408
DFW <-> SEA,15418,14318
DFW <-> SFO,17208,23392
DFW <-> SGF,10924,9998
DFW <-> SHV,2770,6734
DFW <-> SJC,8316,6688
DFW <-> SJT,380,3510
DFW <-> SJU,2992,2854
DFW <-> SLC,11536,11938
DFW <-> SMF,5776,5632
DFW <-> SNA,14648,13138
DFW <-> SPI,1270,2756
DFW <-> SPS,628,3248
DFW <-> STL,12874,12584
DFW <-> TLH,1456,1460
DFW <-> TPA,10128,9734
DFW <-> TUL,11602,11588
DFW <-> TUS,9896,9768
DFW <-> TXK,3340,3992
DFW <-> TYR,3526,5508
DFW <-> TYS,6444,5388
DFW <-> VPS,7888,7596
DFW <-> XNA,11618,11574
DHN <-> PNS,,2
DLH <-> DTW,852,14
DLH <-> MBS,,2
DLH <-> MSP,2086,4628
DLH <-> ORD,2894,3294
DRO <-> FLG,,2
DRO <-> MCI,2,
DRO <-> PHX,3256,3102
DRO <-> SHV,2,
DRO <-> SLC,2,2
DRT <-> IAH,,658
DSM <-> DTW,1118,136
DSM <-> EWR,514,1306
DSM <-> IAH,2698,2474
DSM <-> LNK,2,
DSM <-> MCO,268,
DSM <-> MEM,2682,1694
DSM <-> MKE,2750,2872
DSM <-> MLI,2,
DSM <-> MSP,2100,2118
DSM <-> ORD,15606,15426
DSM <-> PHX,2890,3000
DTW <-> ELM,3584,3930
DTW <-> ERI,1196,
DTW <-> EVV,1350,678
DTW <-> EWR,11806,10124
DTW <-> FLL,6634,6748
DTW <-> FNT,1372,502
DTW <-> FSD,420,2
DTW <-> FWA,1900,150
DTW <-> GRB,2556,1180
DTW <-> GRR,4754,4326
DTW <-> GSO,1266,506
DTW <-> GSP,1866,414
DTW <-> HNL,118,
DTW <-> HPN,6,48
DTW <-> HSV,1112,310
DTW <-> IAD,5824,4028
DTW <-> IAH,8984,10528
DTW <-> ICT,202,
DTW <-> IND,5826,3658
DTW <-> ITH,1212,
DTW <-> JAN,622,
DTW <-> JAX,2852,1720
DTW <-> JFK,2960,2346
DTW <-> LAN,2222,250
DTW <-> LAS,8230,7770
DTW <-> LAX,7788,7990
DTW <-> LEX,2704,1268
DTW <-> LGA,18838,19392
DTW <-> LIT,950,630
DTW <-> LSE,526,4
DTW <-> MBS,3072,106
DTW <-> MCI,4484,3686
DTW <-> MCO,11334,11324
DTW <-> MDT,1812,890
DTW <-> MDW,10994,7842
DTW <-> MEM,5186,3628
DTW <-> MHT,1656,22
DTW <-> MIA,6020,5540
DTW <-> MKE,5056,5516
DTW <-> MLI,1302,124
DTW <-> MQT,48,
DTW <-> MSN,4324,4080
DTW <-> MSP,12546,12716
DTW <-> MSY,2572,2296
DTW <-> MYR,296,56
DTW <-> OKC,2392,2256
DTW <-> OMA,3574,1734
DTW <-> ORD,21770,23488
DTW <-> ORF,2744,976
DTW <-> PBI,2402,1664
DTW <-> PDX,656,714
DTW <-> PHL,8358,7772
DTW <-> PHX,12626,12020
DTW <-> PIA,636,36
DTW <-> PIT,3694,1280
DTW <-> PLN,246,
DTW <-> PVD,3062,1158
DTW <-> PWM,1374,84
DTW <-> RDU,4236,3492
DTW <-> RIC,1708,54
DTW <-> ROA,1204,116
DTW <-> ROC,1914,84
DTW <-> RST,486,2
DTW <-> RSW,5284,4840
DTW <-> SAN,2740,3020
DTW <-> SAT,2336,1916
DTW <-> SAV,794,592
DTW <-> SBN,2188,1622
DTW <-> SCE,1224,
DTW <-> SDF,1270,490
DTW <-> SEA,5138,5158
DTW <-> SFO,4886,5446
DTW <-> SJU,104,68
DTW <-> SLC,5780,6056
DTW <-> SMF,80,88
DTW <-> SRQ,416,288
DTW <-> STL,7664,6026
DTW <-> SWF,1264,12
DTW <-> SYR,2436,262
DTW <-> TOL,118,
DTW <-> TPA,7028,7028
DTW <-> TRI,882,
DTW <-> TUL,2078,1936
DTW <-> TVC,2242,412
DTW <-> TYS,1150,652
DTW <-> XNA,800,1114
EAU <-> ORD,2902,2922
ECP <-> HOU,2912,3088
ECP <-> MCO,2910,2914
ECP <-> MEM,3510,386
ECP <-> STL,,280
EFD <-> MOB,,2
EGE <-> EWR,428,432
EGE <-> IAH,436,432
EGE <-> JFK,436,436
EGE <-> LAX,440,440
EGE <-> LGA,64,64
EGE <-> MIA,384,440
EGE <-> MSP,24,28
EGE <-> ORD,504,504
EKO <-> SLC,5652,4272
ELP <-> HOU,4052,4050
ELP <-> IAH,8090,8000
ELP <-> LAS,4336,4326
ELP <-> LAX,8148,8144
ELP <-> ORD,5758,4686
ELP <-> PHX,15564,15564
ELP <-> SAN,1456,1464
ELP <-> SAT,4072,3806
EUG <-> LAX,,6
EUG <-> PDX,5524,5686
EUG <-> PSP,,2
EUG <-> SAN,,2
EUG <-> SFO,8804,9164
EUG <-> SLC,2790,2794
EVV <-> MEM,624,
EVV <-> ORD,4872,5280
EWR <-> FLL,15532,15802
EWR <-> GRR,2332,2842
EWR <-> GSO,5144,5128
EWR <-> GSP,3114,3460
EWR <-> HDN,60,88
EWR <-> HNL,1456,1464
EWR <-> HOU,728,2720
EWR <-> IAD,2642,5570
EWR <-> IAH,15844,15904
EWR <-> IND,6014,4540
EWR <-> JAX,4524,4638
EWR <-> LAS,8318,8704
EWR <-> LAX,11072,12020
EWR <-> LEX,36,
EWR <-> LIT,1290,696
EWR <-> MCI,6704,6556
EWR <-> MCO,19320,19602
EWR <-> MDT,,78
EWR <-> MDW,3784,8332
EWR <-> MEM,5598,4062
EWR <-> MHT,5528,2434
EWR <-> MIA,11064,10916
EWR <-> MKE,3850,4204
EWR <-> MSN,1268,1250
EWR <-> MSP,8242,6998
EWR <-> MSY,3682,2200
EWR <-> MTJ,84,84
EWR <-> MYR,184,40
EWR <-> OKC,1388,1394
EWR <-> OMA,3740,3512
EWR <-> ORD,29124,27090
EWR <-> ORF,2848,2998
EWR <-> PBI,9968,9832
EWR <-> PDX,2378,2422
EWR <-> PHL,,532
EWR <-> PHX,10178,12852
EWR <-> PIT,2186,2326
EWR <-> PVD,5696,2274
EWR <-> PWM,200,3218
EWR <-> RDU,2562,4448
EWR <-> RIC,6644,6672
EWR <-> ROC,2886,762
EWR <-> RSW,6262,5558
EWR <-> SAN,4584,4646
EWR <-> SAT,2470,2344
EWR <-> SAV,4210,3800
EWR <-> SBN,,16
EWR <-> SDF,3812,3778
EWR <-> SEA,7804,8050
EWR <-> SFO,11116,12890
EWR <-> SJU,2434,2520
EWR <-> SLC,2568,2172
EWR <-> SNA,3652,3662
EWR <-> STL,8168,9230
EWR <-> STT,884,788
EWR <-> SYR,792,426
EWR <-> TPA,9048,9386
EWR <-> TUL,1296,1294
EWR <-> TYS,1776,1372
EWR <-> XNA,2076,2026
EYW <-> MCO,1368,1370
EYW <-> TPA,732,1368
FAI <-> MSP,738,752
FAI <-> SCC,722,726
FAI <-> SEA,4114,4596
FAR <-> MSP,7514,5284
FAR <-> ORD,9206,9130
FAR <-> SLC,2092,1278
FAT <-> LAS,6936,5896
FAT <-> LAX,14830,13534
FAT <-> LGB,2,2
FAT <-> LMT,,4
FAT <-> MSP,2,
FAT <-> PHX,6200,7080
FAT <-> SBA,,4
FAT <-> SEA,480,1464
FAT <-> SFO,6534,6684
FAT <-> SLC,4280,3788
FCA <-> GTF,2,
FCA <-> MSP,1158,700
FCA <-> ORD,448,328
FCA <-> SLC,4808,4380
FLG <-> PHX,9206,9798
FLL <-> HOU,2900,2912
FLL <-> HPN,4176,3950
FLL <-> IAD,2900,2090
FLL <-> IAH,6934,6954
FLL <-> IND,1016,1202
FLL <-> ISP,3596,3100
FLL <-> JAX,5960,5070
FLL <-> JFK,18938,17496
FLL <-> LAS,1582,1462
FLL <-> LAX,1470,5162
FLL <-> LEX,312,100
FLL <-> LGA,14632,16052
FLL <-> LGB,856,
FLL <-> MCI,1188,1280
FLL <-> MCO,6404,6092
FLL <-> MDT,308,
FLL <-> MDW,5734,5488
FLL <-> MEM,1692,1516
FLL <-> MHT,28,372
FLL <-> MKE,1276,1684
FLL <-> MSP,1966,2050
FLL <-> MSY,2504,2518
FLL <-> ORD,4680,6542
FLL <-> PHL,10972,10938
FLL <-> PHX,3922,3866
FLL <-> PIT,2332,2392
FLL <-> PVD,2464,2064
FLL <-> RDU,2912,2924
FLL <-> RIC,1432,1432
FLL <-> RSW,,2
FLL <-> SEA,,226
FLL <-> SFO,1240,3856
FLL <-> SJU,3948,6788
FLL <-> STL,1524,1514
FLL <-> SWF,1420,1464
FLL <-> TLH,1304,842
FLL <-> TPA,9918,9278
FNT <-> MCO,1444,1380
FNT <-> MSP,672,1668
FNT <-> ORD,208,
FNT <-> RSW,632,528
FNT <-> TPA,800,600
FSD <-> MSP,2976,5040
FSD <-> OMA,2,
FSD <-> ORD,10490,9634
FSM <-> MEM,1288,1686
FWA <-> MSP,,116
FWA <-> ORD,7830,9118
GCC <-> RKS,1456,1466
GCC <-> SLC,1456,1468
GEG <-> LAS,2906,2924
GEG <-> MSP,3144,3116
GEG <-> OAK,2814,2814
GEG <-> ORD,194,
GEG <-> PDX,3294,2868
GEG <-> PHX,3688,4288
GEG <-> SEA,9204,5200
GEG <-> SFO,2996,2920
GEG <-> SLC,7936,6572
GFK <-> MSP,6048,5718
GJT <-> HDN,,2
GJT <-> IAH,896,2180
GJT <-> LAX,2,
GJT <-> ORD,,2
GJT <-> PHX,3974,4300
GJT <-> SFO,,2
GJT <-> SHV,2,
GJT <-> SLC,4180,3112
GNV <-> MIA,414,2776
GPT <-> IAH,6472,6494
GPT <-> MEM,2804,458
GPT <-> PNS,,2
GPT <-> TPA,304,
GRB <-> MQT,1018,
GRB <-> MSP,2930,3642
GRB <-> ORD,11944,10620
GRB <-> TVC,,2
GRK <-> IAH,622,1330
GRR <-> IAH,2814,1942
GRR <-> LGA,136,
GRR <-> MCO,1452,1348
GRR <-> MEM,1384,24
GRR <-> MSP,4720,3312
GRR <-> ORD,9306,7570
GRR <-> RSW,666,496
GRR <-> TPA,786,586
GRR <-> TVC,,2
GSO <-> IAD,2584,3874
GSO <-> IAH,2558,1880
GSO <-> LGA,,118
GSO <-> MEM,190,
GSO <-> MIA,2010,2008
GSO <-> ORD,2834,5268
GSO <-> PHL,16,
GSO <-> ROA,,8
GSP <-> HOU,728,1464
GSP <-> IAD,3172,3574
GSP <-> IAH,3314,2766
GSP <-> LGA,170,
GSP <-> MCO,728,1464
GSP <-> MDW,1352,2836
GSP <-> ORD,3348,3218
GSP <-> TYS,,4
GST <-> JNU,308,308
GTF <-> MSP,4,8
GTF <-> SLC,4072,3872
GTR <-> MEM,1418,
GUC <-> IAH,352,116
GUM <-> HNL,1052,1464
GUM <-> SPN,20,6
HDN <-> IAH,436,432
HDN <-> ORD,440,440
HLN <-> MSP,40,
HLN <-> SLC,3980,3848
HNL <-> IAD,,378
HNL <-> IAH,1716,1468
HNL <-> ITO,26246,24372
HNL <-> JFK,,394
HNL <-> KOA,33218,32738
HNL <-> LAS,3540,3580
HNL <-> LAX,20698,20306
HNL <-> LIH,33414,34740
HNL <-> MSP,374,
HNL <-> OAK,1456,2072
HNL <-> OGG,44384,48834
HNL <-> ORD,2648,2046
HNL <-> PDX,2880,2930
HNL <-> PHX,4438,4588
HNL <-> SAN,1456,2660
HNL <-> SEA,6202,6242
HNL <-> SFO,9878,8574
HNL <-> SJC,1456,2080
HNL <-> SLC,1448,1464
HNL <-> SMF,1456,1464
HNL <-> SNA,860,352
HOB <-> IAH,514,2408
HOU <-> HRL,9208,7558
HOU <-> JAN,4088,4084
HOU <-> JAX,1456,1544
HOU <-> JFK,2764,2860
HOU <-> LAS,6158,6198
HOU <-> LAX,5618,5634
HOU <-> LIT,1456,1464
HOU <-> MAF,2618,2604
HOU <-> MCI,,572
HOU <-> MCO,6162,6206
HOU <-> MDW,8222,8822
HOU <-> MSY,13448,13374
HOU <-> OAK,2746,2714
HOU <-> OKC,5130,5100
HOU <-> PHL,1744,1748
HOU <-> PHX,5478,5518
HOU <-> RDU,,568
HOU <-> SAN,2786,2974
HOU <-> SAT,6864,7014
HOU <-> SEA,,280
HOU <-> STL,5292,5374
HOU <-> TPA,5456,5484
HOU <-> TUL,4470,4076
HPN <-> LNK,4,
HPN <-> MCO,7112,7220
HPN <-> MLI,2,
HPN <-> ORD,6090,5238
HPN <-> PBI,6448,6090
HPN <-> RSW,2464,1632
HPN <-> TPA,1456,1464
HRL <-> IAH,6684,6456
HRL <-> SAT,2508,2514
HSV <-> IAD,2936,1774
HSV <-> IAH,3684,3932
HSV <-> LEX,2,
HSV <-> MCO,1460,1344
HSV <-> MEM,3514,798
HSV <-> ORD,5518,4634
IAD <-> IAH,7756,7790
IAD <-> IND,2262,3812
IAD <-> JAX,3624,3304
IAD <-> JFK,8730,8392
IAD <-> LAS,3868,3244
IAD <-> LAX,15298,17518
IAD <-> LGA,6454,6560
IAD <-> LGB,2168,1836
IAD <-> MCI,2510,3284
IAD <-> MCO,10984,8490
IAD <-> MDW,8344,8186
IAD <-> MHT,2248,1576
IAD <-> MIA,4678,6370
IAD <-> MSP,590,190
IAD <-> MSY,2112,1472
IAD <-> OAK,1176,814
IAD <-> OKC,298,962
IAD <-> ORD,10176,9972
IAD <-> ORF,4376,3412
IAD <-> PDX,1458,1464
IAD <-> PHL,2,
IAD <-> PHX,1456,1464
IAD <-> PIT,3002,1428
IAD <-> PNS,2632,1540
IAD <-> PVD,3454,1214
IAD <-> PWM,3522,1140
IAD <-> RDU,6400,5662
IAD <-> RIC,2040,4188
IAD <-> ROA,2660,2588
IAD <-> ROC,4164,2994
IAD <-> SAN,4450,4386
IAD <-> SAT,2296,1440
IAD <-> SAV,3888,3846
IAD <-> SDF,656,1472
IAD <-> SEA,4366,4386
IAD <-> SFO,11754,17178
IAD <-> SJU,2686,1484
IAD <-> SLC,2094,2438
IAD <-> SMF,1456,1462
IAD <-> STL,4,794
IAD <-> STT,226,392
IAD <-> SYR,2710,1440
IAD <-> TPA,4268,4108
IAD <-> TUL,52,1386
IAD <-> TVC,2,
IAD <-> TYS,3428,3764
IAH <-> ICT,6056,6142
IAH <-> IND,6788,6886
IAH <-> JAC,,96
IAH <-> JAN,5080,3888
IAH <-> JAX,7106,5734
IAH <-> JFK,440,
IAH <-> LAS,10224,10318
IAH <-> LAX,17170,20616
IAH <-> LBB,5314,4786
IAH <-> LCH,1460,2490
IAH <-> LEX,2622,1584
IAH <-> LFT,9446,8670
IAH <-> LGA,10900,11306
IAH <-> LIT,6596,4088
IAH <-> LRD,4812,4294
IAH <-> MAF,7528,7120
IAH <-> MCI,13092,11710
IAH <-> MCO,8568,8504
IAH <-> MEM,9768,10538
IAH <-> MFE,5836,5412
IAH <-> MIA,9862,10904
IAH <-> MKE,6382,5330
IAH <-> MLU,768,2000
IAH <-> MOB,6680,6830
IAH <-> MSP,8408,8260
IAH <-> MSY,14262,13832
IAH <-> MTJ,652,506
IAH <-> OKC,9120,5922
IAH <-> OMA,8212,7872
IAH <-> ONT,3930,3510
IAH <-> ORD,22992,22600
IAH <-> ORF,2900,2214
IAH <-> PBI,5172,3772
IAH <-> PDX,4948,4796
IAH <-> PHL,6492,11108
IAH <-> PHX,15158,13806
IAH <-> PIT,6662,6638
IAH <-> PNS,6372,6110
IAH <-> PSP,,1394
IAH <-> RAP,,328
IAH <-> RDU,7010,6756
IAH <-> RIC,3604,3388
IAH <-> RNO,824,668
IAH <-> RSW,3900,3254
IAH <-> SAN,9004,8862
IAH <-> SAT,13420,11566
IAH <-> SAV,3442,2752
IAH <-> SDF,4130,4946
IAH <-> SEA,10478,10496
IAH <-> SFO,10950,12758
IAH <-> SHV,3164,4196
IAH <-> SJC,3650,3336
IAH <-> SJU,1548,1272
IAH <-> SLC,8178,8192
IAH <-> SMF,4262,3854
IAH <-> SNA,6536,6520
IAH <-> STL,5100,2522
IAH <-> TPA,6990,6764
IAH <-> TUL,7806,9424
IAH <-> TUS,6102,5908
IAH <-> TYR,,998
IAH <-> TYS,4836,4064
IAH <-> VPS,3652,3750
IAH <-> XNA,4736,4456
ICT <-> MEM,2440,400
ICT <-> MKE,2,
ICT <-> MSP,2444,4122
ICT <-> ORD,11626,11188
ICT <-> TUL,2,
IDA <-> PIH,2,
IDA <-> SFO,374,1346
IDA <-> SLC,7340,7152
ILM <-> MYR,,2
ILM <-> ORD,558,1626
IND <-> ISP,,8
IND <-> JFK,2538,1734
IND <-> LAS,4184,3970
IND <-> LAX,972,692
IND <-> LGA,2058,84
IND <-> MCI,2696,2686
IND <-> MCO,6686,6522
IND <-> MDW,4902,4816
IND <-> MEM,1312,86
IND <-> MIA,2642,3404
IND <-> MKE,3744,
IND <-> MSP,4456,3096
IND <-> ORD,10218,10758
IND <-> PHL,1236,656
IND <-> PHX,5272,5480
IND <-> PVD,,8
IND <-> RDU,608,22
IND <-> RSW,3692,2880
IND <-> SDF,,2
IND <-> SFO,4,4
IND <-> SLC,1392,1456
IND <-> SRQ,632,528
IND <-> TPA,4796,4956
IPL <-> LAX,2230,2922
IPL <-> YUM,630,
ISP <-> LAS,224,
ISP <-> MCO,6720,5744
ISP <-> MDW,4804,2726
ISP <-> PBI,3868,3372
ISP <-> RSW,308,232
ISP <-> TPA,3442,2888
ITO <-> LAX,376,1456
ITO <-> OGG,1458,2200
ITO <-> SFO,56,192
IYK <-> LAX,3912,3104
JAC <-> LAX,726,644
JAC <-> MSP,196,160
JAC <-> ORD,1534,1132
JAC <-> SFO,,228
JAC <-> SLC,4544,4466
JAN <-> MCO,1456,1344
JAN <-> MDW,2358,1788
JAN <-> MEM,4126,3216
JAX <-> JFK,4032,4126
JAX <-> LAS,1452,1344
JAX <-> LGA,1586,906
JAX <-> MEM,3244,1650
JAX <-> MIA,2832,2060
JAX <-> MSP,12,188
JAX <-> ORD,7866,5998
JAX <-> ORF,2720,2678
JAX <-> PHL,4850,2554
JAX <-> SJU,460,1460
JAX <-> TPA,3892,2762
JFK <-> LAS,15420,16288
JFK <-> LAX,37640,44504
JFK <-> LGB,2648,2748
JFK <-> LWB,248,
JFK <-> MCO,23946,21690
JFK <-> MEM,118,
JFK <-> MIA,16946,15280
JFK <-> MSP,2370,1716
JFK <-> MSY,3730,4100
JFK <-> MVY,396,424
JFK <-> OAK,1884,1354
JFK <-> ORD,7518,5134
JFK <-> ORF,2040,1466
JFK <-> PBI,8748,7762
JFK <-> PDX,2870,2944
JFK <-> PHL,248,
JFK <-> PHX,8616,8474
JFK <-> PIT,6428,4698
JFK <-> PSE,1492,1464
JFK <-> PWM,5080,5022
JFK <-> RDU,11384,9600
JFK <-> RIC,1328,
JFK <-> ROC,6694,5580
JFK <-> RSW,5760,4956
JFK <-> SAN,7144,6556
JFK <-> SAT,1290,1192
JFK <-> SEA,7484,7886
JFK <-> SFO,26568,32670
JFK <-> SJC,1348,1368
JFK <-> SJU,14772,17518
JFK <-> SLC,7248,7638
JFK <-> SMF,1224,1180
JFK <-> SNA,372,
JFK <-> SRQ,2312,2232
JFK <-> STL,1966,268
JFK <-> STT,1300,1256
JFK <-> SYR,5936,5332
JFK <-> TPA,9730,9804
JNU <-> KTN,1446,1456
JNU <-> PSG,1444,1448
JNU <-> SEA,4652,4686
JNU <-> SIT,3096,3058
JNU <-> YAK,1440,1450
KOA <-> LAX,4994,4988
KOA <-> OAK,624,1048
KOA <-> OGG,3010,4266
KOA <-> ORD,90,76
KOA <-> PDX,344,354
KOA <-> PHX,1336,1284
KOA <-> SEA,1712,1730
KOA <-> SFO,2628,2408
KOA <-> SJC,444,1152
KTN <-> SEA,5206,5084
KTN <-> SIT,1452,1452
KTN <-> WRG,1442,1450
LAN <-> MSP,310,314
LAN <-> ORD,4872,4874
LAN <-> TVC,,2
LAS <-> LAX,46248,44324
LAS <-> LBB,1458,1464
LAS <-> LGA,4,
LAS <-> LGB,5916,6716
LAS <-> LIT,1456,1464
LAS <-> MAF,1456,1464
LAS <-> MCI,5640,6192
LAS <-> MCO,3366,3350
LAS <-> MDW,12980,12778
LAS <-> MEM,3584,3336
LAS <-> MHT,1454,972
LAS <-> MIA,4368,4392
LAS <-> MKE,8552,7016
LAS <-> MSP,9016,8500
LAS <-> MSY,2882,2738
LAS <-> OAK,11748,11932
LAS <-> OGG,380,356
LAS <-> OKC,2868,2904
LAS <-> OMA,3714,3730
LAS <-> ONT,10864,9154
LAS <-> ORD,15762,13442
LAS <-> ORF,816,624
LAS <-> PDX,10226,10662
LAS <-> PHL,8434,8392
LAS <-> PHX,35620,33190
LAS <-> PIT,2900,2914
LAS <-> PSP,3940,3904
LAS <-> PVD,1454,1444
LAS <-> RDU,1454,1464
LAS <-> RNO,14368,14358
LAS <-> SAN,16640,16504
LAS <-> SAT,5694,5756
LAS <-> SDF,1456,1464
LAS <-> SEA,17380,17338
LAS <-> SFO,25534,30670
LAS <-> SJC,11760,12006
LAS <-> SLC,20188,17346
LAS <-> SMF,11068,11096
LAS <-> SNA,11244,10192
LAS <-> STL,5432,5462
LAS <-> TPA,2804,2446
LAS <-> TUL,1578,1464
LAS <-> TUS,6980,6908
LAX <-> LIH,5412,5832
LAX <-> MCI,3592,4254
LAX <-> MCO,7158,8936
LAX <-> MDW,8388,8642
LAX <-> MEM,3996,3694
LAX <-> MIA,10858,12578
LAX <-> MKE,3280,2814
LAX <-> MRY,8614,8644
LAX <-> MSP,9420,9404
LAX <-> MSY,5328,5210
LAX <-> MTJ,128,124
LAX <-> OAK,20320,24026
LAX <-> OGG,10474,10664
LAX <-> OKC,2692,4498
LAX <-> ONT,,2
LAX <-> ORD,29750,32870
LAX <-> PDX,12392,11766
LAX <-> PHL,8992,10646
LAX <-> PHX,35570,40468
LAX <-> PIT,1428,1064
LAX <-> PSP,8484,8266
LAX <-> RDU,380,524
LAX <-> RNO,12386,10010
LAX <-> SAF,1458,1454
LAX <-> SAN,43010,39880
LAX <-> SAT,6766,6410
LAX <-> SBA,18198,17498
LAX <-> SBP,8382,7994
LAX <-> SEA,21092,23274
LAX <-> SFO,52710,66572
LAX <-> SGU,648,1256
LAX <-> SJC,26304,24800
LAX <-> SJU,394,16
LAX <-> SLC,20664,21236
LAX <-> SMF,21632,26562
LAX <-> SMX,5560,5412
LAX <-> STL,7246,6732
LAX <-> TPA,1378,1412
LAX <-> TUL,1198,994
LAX <-> TUS,14490,15908
LAX <-> YUM,5880,5300
LBB <-> MEM,1268,
LBB <-> MTJ,2,
LBB <-> ORD,2,
LBB <-> SHV,2,
LEX <-> LGA,168,
LEX <-> MCO,984,1136
LEX <-> MEM,1586,
LEX <-> MSP,1032,328
LEX <-> ORD,8408,8646
LEX <-> TYS,2,
LFT <-> MEM,2458,
LGA <-> LWB,196,
LGA <-> MCI,1032,326
LGA <-> MCO,11732,12948
LGA <-> MDW,7060,7158
LGA <-> MEM,4214,4114
LGA <-> MHT,,12
LGA <-> MIA,14864,16380
LGA <-> MKE,9786,7970
LGA <-> MSN,376,46
LGA <-> MSP,14976,15268
LGA <-> MSY,4072,3990
LGA <-> OMA,288,32
LGA <-> ORD,42812,38692
LGA <-> ORF,742,
LGA <-> PBI,7864,7876
LGA <-> PHF,2816,1346
LGA <-> PHL,1448,1512
LGA <-> PHX,,104
LGA <-> PIT,,474
LGA <-> PWM,492,486
LGA <-> RDU,13734,12312
LGA <-> RIC,140,96
LGA <-> ROC,,200
LGA <-> RSW,1642,2498
LGA <-> SAV,554,346
LGA <-> SDF,4,
LGA <-> SRQ,,368
LGA <-> STL,5612,5368
LGA <-> SYR,,6
LGA <-> TPA,4924,6052
LGA <-> TVC,92,112
LGA <-> TYS,534,
LGA <-> XNA,3080,3124
LGB <-> OAK,4700,5340
LGB <-> ORD,1428,1136
LGB <-> PDX,3492,4484
LGB <-> PHX,6298,6940
LGB <-> PSP,2,
LGB <-> SEA,5740,8760
LGB <-> SFO,5210,4384
LGB <-> SLC,11018,10194
LGB <-> SMF,2862,4304
LIH <-> OAK,384,1152
LIH <-> OGG,1056,2844
LIH <-> PHX,1272,1280
LIH <-> SEA,1462,1464
LIH <-> SFO,1780,1464
LIH <-> SJC,288,1048
LIT <-> MDW,1468,1468
LIT <-> MEM,4170,3092
LIT <-> MSP,266,
LIT <-> OKC,2,
LIT <-> ORD,11578,11416
LIT <-> PAH,2,
LIT <-> PHX,1454,1464
LIT <-> PIT,12,
LIT <-> STL,2626,2630
LIT <-> XNA,2,
LMT <-> PDX,1540,1466
LMT <-> SFO,2908,2270
LNK <-> MEM,88,
LNK <-> MSP,722,1458
LNK <-> OMA,,2
LNK <-> ORD,5334,5334
LSE <-> MSP,2684,4176
LSE <-> ORD,1586,44
LWB <-> ROA,,880
LWS <-> SLC,2748,2656
MBS <-> MSP,442,148
MBS <-> ORD,4200,4286
MCI <-> MCO,4348,3804
MCI <-> MDW,13248,13278
MCI <-> MEM,2634,2114
MCI <-> MKE,3314,2804
MCI <-> MSP,5072,4358
MCI <-> MSY,,4
MCI <-> OAK,1456,1296
MCI <-> OKC,2850,2832
MCI <-> ORD,17374,17512
MCI <-> PDX,1454,1464
MCI <-> PHX,8710,8670
MCI <-> PIA,,2
MCI <-> RSW,,24
MCI <-> SAN,2618,2536
MCI <-> SEA,1028,2000
MCI <-> SFO,1778,3330
MCI <-> SGF,,2
MCI <-> SLC,3776,2702
MCI <-> STL,6456,6476
MCI <-> TPA,2598,2434
MCO <-> MDT,1680,2204
MCO <-> MDW,13430,12056
MCO <-> MEM,4356,4144
MCO <-> MHT,4186,3732
MCO <-> MIA,12500,15704
MCO <-> MKE,7638,6804
MCO <-> MLI,788,268
MCO <-> MSN,,112
MCO <-> MSP,7248,7270
MCO <-> MSY,6262,6212
MCO <-> ORD,13006,12764
MCO <-> ORF,2912,2892
MCO <-> PHF,1434,692
MCO <-> PHL,22160,20914
MCO <-> PHX,4948,4788
MCO <-> PIT,7782,7134
MCO <-> PSE,1724,1908
MCO <-> PVD,6752,6504
MCO <-> PWM,940,336
MCO <-> RDU,5812,6336
MCO <-> RIC,2820,2884
MCO <-> ROC,1704,1512
MCO <-> RSW,5528,5494
MCO <-> SAT,2364,2364
MCO <-> SDF,1484,1524
MCO <-> SEA,2378,1944
MCO <-> SFO,1536,3440
MCO <-> SJU,11220,13090
MCO <-> SLC,2772,2842
MCO <-> STL,6614,6216
MCO <-> SWF,1784,2140
MCO <-> SYR,2208,2636
MCO <-> TYS,1008,924
MDT <-> ORD,8054,7646
MDW <-> MHT,4670,4900
MDW <-> MSP,11156,10866
MDW <-> MSY,2172,2436
MDW <-> OAK,4480,4676
MDW <-> OKC,,400
MDW <-> OMA,7636,7558
MDW <-> ONT,1454,1464
MDW <-> ORF,2872,2758
MDW <-> PDX,2584,2608
MDW <-> PHL,8288,8756
MDW <-> PHX,9772,9596
MDW <-> PIT,7452,7600
MDW <-> PVD,4414,4414
MDW <-> RDU,4684,4726
MDW <-> RNO,1454,1464
MDW <-> RSW,6360,5894
MDW <-> SAN,5412,5522
MDW <-> SAT,2770,2814
MDW <-> SDF,6392,6338
MDW <-> SEA,3954,4048
MDW <-> SFO,3928,3908
MDW <-> SJC,1456,1464
MDW <-> SLC,2876,2902
MDW <-> SMF,1808,1676
MDW <-> SNA,1454,1464
MDW <-> SRQ,2224,2126
MDW <-> STL,12816,12862
MDW <-> TPA,6732,6728
MDW <-> TUS,2324,2544
MEM <-> MFE,1832,
MEM <-> MGM,2448,
MEM <-> MIA,3846,2020
MEM <-> MKE,3220,2956
MEM <-> MLI,1384,
MEM <-> MLU,1782,
MEM <-> MOB,3736,840
MEM <-> MSN,1058,
MEM <-> MSP,5490,4116
MEM <-> MSY,2780,2384
MEM <-> OKC,2276,2166
MEM <-> OMA,3444,2718
MEM <-> ORD,13024,10580
MEM <-> PHL,1624,590
MEM <-> PHX,3484,844
MEM <-> PIT,1486,488
MEM <-> PNS,3558,1926
MEM <-> RDU,1854,2650
MEM <-> RSW,,44
MEM <-> SAT,2584,3534
MEM <-> SDF,218,1230
MEM <-> SEA,1186,722
MEM <-> SFO,32,228
MEM <-> SGF,2948,2344
MEM <-> SHV,4016,3714
MEM <-> SLC,2750,2644
MEM <-> STL,3202,1686
MEM <-> TLH,526,
MEM <-> TPA,2658,1840
MEM <-> TUL,3064,1296
MEM <-> TUP,,4
MEM <-> TYS,1176,862
MEM <-> VPS,2760,
MEM <-> XNA,3720,1334
MFR <-> PDX,1642,
MFR <-> RDM,,2
MFR <-> RNO,,2
MFR <-> SBP,,4
MFR <-> SFO,9020,9194
MFR <-> SLC,2790,2848
MHK <-> ORD,1186,2500
MHT <-> ORD,850,2228
MHT <-> PHL,6640,2310
MHT <-> PHX,1454,84
MHT <-> PVD,4,
MHT <-> TPA,2950,2352
MIA <-> MSP,4230,3476
MIA <-> MSY,4366,4364
MIA <-> ORD,13876,15304
MIA <-> ORF,2912,2928
MIA <-> PHL,8994,9024
MIA <-> PHX,1456,1464
MIA <-> PIT,2642,2928
MIA <-> PNS,2914,4106
MIA <-> RDU,4388,4392
MIA <-> RIC,2096,2016
MIA <-> ROA,4,
MIA <-> RSW,872,188
MIA <-> SDF,2000,2012
MIA <-> SEA,1456,1594
MIA <-> SFO,4368,4392
MIA <-> SJU,11046,11360
MIA <-> STL,3386,3124
MIA <-> STT,3288,4308
MIA <-> STX,1926,2842
MIA <-> TLH,3104,3960
MIA <-> TPA,8446,11262
MIA <-> TUL,134,80
MIA <-> TYS,2008,818
MKE <-> MSP,13480,11556
MKE <-> MSY,972,850
MKE <-> OMA,3706,
MKE <-> ORD,11952,12928
MKE <-> PHX,7952,7876
MKE <-> PIE,452,
MKE <-> PIT,3892,
MKE <-> RSW,3070,2272
MKE <-> SAN,20,
MKE <-> SEA,2002,1708
MKE <-> SFO,2378,2084
MKE <-> SRQ,740,682
MKE <-> STL,3708,2824
MKE <-> TPA,3014,3426
MKE <-> TUL,2,
MKG <-> ORD,3062,2920
MLI <-> MSP,230,460
MLI <-> OMA,2,
MLI <-> ORD,6628,9874
MLI <-> RSW,176,
MLU <-> SHV,,2
MMH <-> SAN,,492
MMH <-> SFO,520,778
MMH <-> SNA,,284
MOD <-> SFO,6028,5588
MOT <-> MSP,5618,5138
MOT <-> SLC,170,2
MQT <-> MSP,192,
MQT <-> ORD,1360,1256
MQT <-> TVC,1126,
MRY <-> OTH,,2
MRY <-> PHX,3060,4068
MRY <-> SBA,,2
MRY <-> SFO,8548,8548
MRY <-> SJC,2,4
MSN <-> MSP,4054,4314
MSN <-> ORD,10816,11072
MSO <-> MSP,476,496
MSO <-> ORD,388,392
MSO <-> SFO,536,612
MSO <-> SLC,6524,5644
MSP <-> MSY,640,52
MSP <-> OKC,1484,1988
MSP <-> OMA,4210,4668
MSP <-> ORD,25634,22858
MSP <-> ORF,96,8
MSP <-> PDX,5460,5424
MSP <-> PHL,6782,7032
MSP <-> PHX,17250,16696
MSP <-> PIA,632,400
MSP <-> PIT,3130,1234
MSP <-> PSC,806,336
MSP <-> PSP,56,28
MSP <-> PVD,212,40
MSP <-> RAP,6436,5860
MSP <-> RDU,1028,538
MSP <-> RIC,176,28
MSP <-> RNO,288,1044
MSP <-> ROC,,4
MSP <-> RST,2278,2664
MSP <-> RSW,3348,3260
MSP <-> SAN,4580,4600
MSP <-> SAT,1484,680
MSP <-> SBN,452,1580
MSP <-> SDF,2010,672
MSP <-> SEA,11006,10968
MSP <-> SFO,9270,9114
MSP <-> SJC,2604,2164
MSP <-> SJU,68,68
MSP <-> SLC,7318,7282
MSP <-> SMF,3052,2652
MSP <-> SNA,4044,4212
MSP <-> STL,8092,8868
MSP <-> SUX,150,28
MSP <-> SYR,,22
MSP <-> TOL,2,
MSP <-> TPA,3738,3718
MSP <-> TUL,1924,392
MSP <-> TUS,1322,1348
MSP <-> TVC,552,770
MSP <-> TYS,204,200
MSP <-> XNA,1582,2158
MSY <-> ORD,5850,5902
MSY <-> PHL,2730,2246
MSY <-> PHX,1456,1464
MSY <-> SFO,822,1460
MSY <-> SLC,1452,1456
MSY <-> STL,1456,1464
MSY <-> TPA,4252,4232
MSY <-> VPS,,2
MTJ <-> ORD,568,472
OAK <-> OGG,1356,2106
OAK <-> ONT,10826,10790
OAK <-> PDX,7890,7926
OAK <-> PHX,14884,15406
OAK <-> RNO,3924,3802
OAK <-> SAN,16598,16098
OAK <-> SEA,14670,14464
OAK <-> SLC,11772,11456
OAK <-> SNA,9714,9972
OGG <-> ORD,206,76
OGG <-> PDX,2912,2300
OGG <-> PHX,2388,2160
OGG <-> SAN,1380,1696
OGG <-> SEA,3838,3920
OGG <-> SFO,3168,3692
OGG <-> SJC,848,1936
OGG <-> SMF,1116,1634
OGG <-> SNA,548,60
OKC <-> ORD,11576,10980
OKC <-> PHX,2898,2892
OKC <-> SFO,50,1462
OKC <-> SLC,4116,3146
OKC <-> STL,2612,2640
OMA <-> ORD,12632,12118
OMA <-> PHX,6800,6712
OMA <-> SFO,,4
OMA <-> SLC,3006,2286
OMA <-> STL,3964,3998
OME <-> OTZ,2078,2142
ONT <-> PDX,1356,4342
ONT <-> PHX,18302,16518
ONT <-> PSP,,2
ONT <-> RDM,,2
ONT <-> SEA,4154,4128
ONT <-> SFO,5800,5844
ONT <-> SJC,6862,6806
ONT <-> SLC,6114,4922
ONT <-> SMF,10486,10280
ORD <-> ORF,3528,4566
ORD <-> PAH,2908,2932
ORD <-> PBI,2660,2600
ORD <-> PDX,8086,7818
ORD <-> PHL,27210,26410
ORD <-> PHX,19406,17914
ORD <-> PIA,5608,5562
ORD <-> PIT,13664,13306
ORD <-> PNS,1382,784
ORD <-> PSP,1424,1316
ORD <-> PVD,3636,2798
ORD <-> PWM,2938,3826
ORD <-> RAP,2862,2690
ORD <-> RDU,11218,11362
ORD <-> RIC,9842,11304
ORD <-> RNO,1452,1456
ORD <-> ROA,1882,3718
ORD <-> ROC,12370,11470
ORD <-> RST,4234,1208
ORD <-> RSW,2808,3284
ORD <-> SAN,12164,11704
ORD <-> SAT,6248,5916
ORD <-> SAV,3964,3956
ORD <-> SBN,7558,7682
ORD <-> SDF,4082,3592
ORD <-> SEA,18668,18334
ORD <-> SFO,25258,32812
ORD <-> SGF,8290,8424
ORD <-> SHV,4,2
ORD <-> SJC,2904,2524
ORD <-> SJU,3364,1936
ORD <-> SLC,13634,11708
ORD <-> SMF,3042,2592
ORD <-> SNA,8280,9154
ORD <-> SPI,6204,5556
ORD <-> STL,13252,14848
ORD <-> STT,92,220
ORD <-> SUX,,1210
ORD <-> SYR,10704,9634
ORD <-> TOL,1806,844
ORD <-> TPA,8500,8746
ORD <-> TRI,2808,922
ORD <-> TUL,11410,11846
ORD <-> TUS,2904,2908
ORD <-> TVC,7572,7708
ORD <-> TYS,11346,11072
ORD <-> XNA,12666,13070
ORF <-> PHL,,10
ORF <-> RIC,2,
ORF <-> TPA,1456,1464
OTH <-> PDX,1536,642
OTH <-> SFO,3394,3340
PBI <-> PHL,6470,6468
PBI <-> SJU,,476
PBI <-> TPA,5370,5038
PDX <-> PHL,744,608
PDX <-> PHX,15560,14714
PDX <-> PSP,696,724
PDX <-> RDM,4306,4378
PDX <-> RNO,3520,3550
PDX <-> SAN,4352,4562
PDX <-> SBA,,332
PDX <-> SEA,13014,12132
PDX <-> SFO,10606,13920
PDX <-> SJC,7944,7734
PDX <-> SLC,11292,10048
PDX <-> SMF,8144,8002
PDX <-> SNA,5768,5064
PHL <-> PHX,10666,10882
PHL <-> PIT,13142,6958
PHL <-> PVD,10158,3572
PHL <-> PWM,34,776
PHL <-> RDU,11316,10642
PHL <-> RSW,5038,4924
PHL <-> SAN,3456,3450
PHL <-> SAT,,26
PHL <-> SEA,3790,4200
PHL <-> SFO,9324,11294
PHL <-> SJU,5720,5052
PHL <-> SLC,2052,1456
PHL <-> SMF,748,588
PHL <-> STL,2814,3448
PHL <-> STT,832,700
PHL <-> SYR,668,344
PHL <-> TPA,11976,11492
PHX <-> PIT,5720,4932
PHX <-> PSP,7636,8230
PHX <-> PVD,1454,476
PHX <-> RDU,1454,1464
PHX <-> RNO,10430,10036
PHX <-> SAN,25912,26784
PHX <-> SAT,10210,10384
PHX <-> SBA,6880,7216
PHX <-> SBP,3684,4610
PHX <-> SDF,1456,1464
PHX <-> SEA,20130,20748
PHX <-> SFO,19836,19910
PHX <-> SJC,15056,14780
PHX <-> SLC,25146,24972
PHX <-> SMF,15060,14880
PHX <-> SNA,20640,20392
PHX <-> STL,8816,8818
PHX <-> TEX,752,
PHX <-> TPA,4952,4296
PHX <-> TUL,2880,2896
PHX <-> TUS,14740,14064
PHX <-> YUM,8786,8350
PIA <-> STL,,4
PIH <-> SLC,5610,3968
PIT <-> RSW,1932,2054
PIT <-> SFO,1458,1458
PIT <-> TPA,3784,3638
PSC <-> SFO,2890,2932
PSC <-> SLC,6236,4856
PSG <-> WRG,1444,1450
PSP <-> RDM,2,
PSP <-> SEA,2440,2442
PSP <-> SFO,6982,9596
PSP <-> SLC,3238,3110
PVD <-> RDU,86,
PVD <-> RSW,,280
PVD <-> TPA,3162,3028
RAP <-> SLC,2548,2082
RDD <-> SFO,6490,6796
RDD <-> SMF,,4
RDM <-> SFO,4032,4012
RDM <-> SLC,2802,2732
RDU <-> RSW,20,
RDU <-> SFO,,112
RDU <-> STL,1852,1484
RDU <-> TPA,4742,4908
RDU <-> TYS,2,
RIC <-> ROA,,2
RKS <-> SLC,2912,2930
RNO <-> SAN,2886,2852
RNO <-> SEA,1782,1876
RNO <-> SFO,7328,7894
RNO <-> SJC,3932,1882
RNO <-> SLC,8348,7440
RNO <-> SMF,2,
RNO <-> SNA,,2
ROA <-> TRI,2,2
ROA <-> TYS,,2
ROC <-> RSW,224,
ROC <-> TPA,1392,1364
ROW <-> SLC,,4
RSW <-> STL,1456,1502
SAN <-> SAT,2732,2738
SAN <-> SEA,10080,10358
SAN <-> SFO,22730,28194
SAN <-> SJC,12766,13282
SAN <-> SLC,6964,6852
SAN <-> SMF,15034,13948
SAN <-> STL,1454,1128
SAN <-> TUS,4478,4222
SAT <-> SFO,1776,2874
SAT <-> SLC,2944,3738
SAT <-> STL,,224
SAT <-> TPA,1456,1464
SAV <-> TYS,2,
SBA <-> SBP,,2
SBA <-> SEA,480,1464
SBA <-> SFO,11286,12972
SBA <-> SLC,6,
SBP <-> SFO,7040,7180
SDF <-> STL,2682,2652
SDF <-> TPA,1524,1524
SEA <-> SFO,19100,25046
SEA <-> SIT,580,560
SEA <-> SJC,10878,10566
SEA <-> SLC,13934,12294
SEA <-> SMF,11584,11542
SEA <-> SNA,10956,10306
SEA <-> STL,2628,2896
SEA <-> TUS,1458,1632
SFO <-> SLC,11966,12614
SFO <-> SMF,10172,10236
SFO <-> SNA,17492,18618
SFO <-> STL,1452,1452
SFO <-> TUS,2392,2272
SGU <-> SLC,7482,6894
SHV <-> XNA,10,
SJC <-> SLC,5744,6020
SJC <-> SNA,9852,10550
SJU <-> STT,316,2294
SJU <-> STX,,1096
SJU <-> TPA,3050,5404
SLC <-> SMF,6942,6666
SLC <-> SNA,7872,4032
SLC <-> STL,2766,3442
SLC <-> SUN,8770,6516
SLC <-> TUL,1854,1392
SLC <-> TUS,4448,4172
SLC <-> TWF,5806,4386
SLC <-> WYS,1096,1116
SMF <-> SNA,8314,8562
SPI <-> STL,2,
STL <-> TPA,3000,3000
STL <-> TUL,2702,2730
TUL <-> XNA,2,
